use [название бд]

delete from Жанры_кино
delete from Фильм
delete from Жанр

delete from [Дополнительная услуга]
delete from Услуга
delete from Кинотеатр

insert into Фильм values
(1, 'Дневник баскетболиста', '1995', 'Скотт Кэлверт', 'Леонардо ДиКаприо, Марк Уолберг','https://avatars.mds.yandex.net/get-kinopoisk-image/1773646/31132f28-568b-4515-980d-043b18d2ba7b/1920x'),
(2, 'Большой куш', '2000', 'Гай Ричи', 'Джейсон Стэйтем, Стивен Грэм','https://avatars.mds.yandex.net/get-kinopoisk-image/1773646/e52dd7e7-1df1-4dbc-a9a2-a557e40cbd29/1920x'),
(3, 'Игра', '1997', 'Дэвид Финчер', 'Майкл Дуглас, Шон Пенн','https://avatars.mds.yandex.net/get-kinopoisk-image/1900788/a4a839bf-d86e-4adc-9a82-15d8fddd90cc/1920x'),
(4, 'Семь', '1995', 'Дэвид Финчер', 'Брэд Питт, Морган Фриман','https://avatars.mds.yandex.net/get-kinopoisk-image/1704946/bc160689-aef0-4080-ac79-eece608b9793/1920x'),
(5, 'Судьба человека', '1959', 'Сергей Бондарчук', 'Сергей Бондарчук, Павел Полунин','https://avatars.mds.yandex.net/get-kinopoisk-image/1900788/c79cd085-2f48-4789-a021-f03de8791faa/1920x'),
(6, 'Нечто', '1982', 'Джон Карпентер', 'Курт Рассел, Кит Дэвид','https://avatars.mds.yandex.net/get-kinopoisk-image/1946459/ebbc9c5c-46d0-4481-b0ec-21764342c024/1920x'),
(7, 'Трасса 60', '2001', 'Боб Гейл', 'Джеймс Марсден, Гари Олдман','https://avatars.mds.yandex.net/get-kinopoisk-image/1773646/285a8907-dccf-43a5-8c1b-006b5f6bcb89/1920x'),
(8, 'Ла-Ла Ленд', '2016', 'Дэмьен Шазелл', 'Райан Гослинг, Эмма Стоун','https://avatars.mds.yandex.net/get-kinopoisk-image/1900788/6cc3dc99-2728-40d5-a35e-da4fdfe504d8/1920x'),
(9, 'Танцующий с волками', '1990', 'Кевин Костнер', 'Кевин Костнер','https://avatars.mds.yandex.net/get-kinopoisk-image/1599028/efe105f9-31e8-4661-9752-19d533269e62/1920x')

insert into Жанр values
('драма', ''),
('криминал', ''),
('биография', ''),
('спорт', ''),
('комедия', ''),
('боевик', ''),
('триллер', ''),
('детектив', ''),
('приключения', ''),
('военный', ''),
('ужасы', ''),
('фантастика', ''),
('фэнтези', ''),
('мюзикл', ''),
('мелодрама', ''),
('музыка', ''),
('вестерн', ''),
('история', '')

insert into Жанры_кино values
(9, 'драма'),
(9, 'вестерн'),
(9, 'приключения'),
(9, 'военный'),
(9, 'история'),
(8 , 'мюзикл'),
(8 , 'драма'),
(8 , 'мелодрама'),
(8 , 'комедия'),
(8 , 'музыка'),
(7, 'фантастика'),
(7, 'фэнтези'),
(7, 'драма'),
(7, 'комедия'),
(7, 'детектив'),
(7, 'приключения'),
(6, 'ужасы'),
(6, 'фантастика'),
(5, 'драма'),
(5, 'военный'),
(4, 'триллер'),
(4, 'драма'),
(4, 'криминал'),
(4, 'детектив'),
(3, 'триллер'),
(3, 'драма'),
(3, 'детектив'),
(3, 'приключения'),
(2, 'криминал'),
(2, 'комедия'),
(2, 'боевик'),
(1, 'драма'),
(1, 'криминал'),
(1, 'биография'),
(1, 'спорт')


insert into Услуга values
('Попкорн','еда'),
('Сок','вода')

insert into Кинотеатр values
(1,'Кинотеатр на малой бронной','Москва','ул. Малая бронная','12','3'),
(2,'Кинотеатр на арбате','Москва','ул. Новый арбат','88','5'),
(3,'Кинотеатр на воронежской','Санкт-Петербург','ул. Вороженская','44','1')

insert into Клиент values
(0,'','','','1-1-1','М','П','0','0','',0),
(1,'','','','1-1-1','М','Р','1','1','',0),
(2,'','','','1-1-1','М','А','2','2','',0)

insert into [Дополнительная услуга] values
(1,'Попкорн',500,'Средний'),
(2,'Попкорн',400,'Средний'),
(3,'Сок',600,'Средний'),
(1,'Сок',200,'Малый'),
(2,'Попкорн',1000,'Большой')

insert into Сеанс values
(1,3,dateadd(day,1,getdate()),300),
(1,6,dateadd(day,1,getdate()),500),
(1,2,dateadd(day,1,getdate()),600),
(1,9,dateadd(day,1,getdate()),800)

select * from Фильм
select * from Жанр
select * from Жанры_кино

select * from Кинотеатр
select * from Услуга
select * from [Дополнительная услуга]

select * from Клиент


select Кинотеатр.Название, Фильм.Название, Дата_проведения, Базовая_стоимость, Фильм.Обложка, Фильм.Код_фильма, Кинотеатр.Номер_кинотеатра from Сеанс inner join Фильм on
Сеанс.Код_фильма = Фильм.Код_фильма inner join Кинотеатр
on Сеанс.Номер_кинотеатра = Кинотеатр.Номер_кинотеатра

select * from Клиент